{
    "MUTAG": {
        "GINBaseline": {
            "Mean_Accuracy": 81.05263157894737,
            "Std_Dev": 6.531407182100452
        },
        "StaticCWNetwork": {
            "Mean_Accuracy": 87.89473684210526,
            "Std_Dev": 2.105263157894738
        },
        "DynamicCWNetwork": {
            "Mean_Accuracy": 85.26315789473685,
            "Std_Dev": 3.1578947368421058
        }
    },
    "PROTEINS": {
        "GINBaseline": {
            "Mean_Accuracy": 75.24663677130044,
            "Std_Dev": 2.3283865445286356
        },
        "StaticCWNetwork": {
            "Mean_Accuracy": 69.5067264573991,
            "Std_Dev": 3.119735808237864
        },
        "DynamicCWNetwork": {
            "Mean_Accuracy": 69.95515695067266,
            "Std_Dev": 2.9337089208602913
        }
    },
    "ENZYMES": {
        "GINBaseline": {
            "Mean_Accuracy": 33.5,
            "Std_Dev": 2.0682789409984768
        },
        "StaticCWNetwork": {
            "Mean_Accuracy": 13.333333333333334,
            "Std_Dev": 0.5270462766947297
        },
        "DynamicCWNetwork": {
            "Mean_Accuracy": 19.5,
            "Std_Dev": 4.84767985741633
        }
    }
}