{
    "MUTAG": {
        "GINBaseline": {
            "Mean_Accuracy": 83.6842105263158,
            "Std_Dev": 6.531407182100456
        },
        "StaticCWNetwork": {
            "Mean_Accuracy": 83.15789473684211,
            "Std_Dev": 3.938586722919938
        },
        "DynamicCWNetwork": {
            "Mean_Accuracy": 82.10526315789473,
            "Std_Dev": 5.367388961676617
        }
    },
    "PROTEINS": {
        "GINBaseline": {
            "Mean_Accuracy": 75.42600896860988,
            "Std_Dev": 1.3119945146482326
        },
        "StaticCWNetwork": {
            "Mean_Accuracy": 73.99103139013452,
            "Std_Dev": 2.6905829596412585
        },
        "DynamicCWNetwork": {
            "Mean_Accuracy": 71.21076233183858,
            "Std_Dev": 1.9526045791100668
        }
    },
    "ENZYMES": {
        "GINBaseline": {
            "Mean_Accuracy": 35.0,
            "Std_Dev": 1.394433377556794
        },
        "StaticCWNetwork": {
            "Mean_Accuracy": 14.666666666666666,
            "Std_Dev": 1.545603082582617
        },
        "DynamicCWNetwork": {
            "Mean_Accuracy": 22.833333333333332,
            "Std_Dev": 5.390320542932079
        }
    }
}